{
  "project_info": {
    "project_number": "657168761139",
    "firebase_url": "https://juggler-1c7e8.firebaseio.com",
    "project_id": "juggler-1c7e8",
    "storage_bucket": "juggler-1c7e8.appspot.com"
  },
  "client": [
    {
      "client_info": {
        "mobilesdk_app_id": "1:657168761139:android:2976ddba7d4babb0a23e46",
        "android_client_info": {
          "package_name": "com.example.valarmorghulis.firebaseauth"
        }
      },
      "oauth_client": [
        {
          "client_id": "657168761139-jhqlc8et0q8qq5rsrmg5uf72bb9786lr.apps.googleusercontent.com",
          "client_type": 3
        }
      ],
      "api_key": [
        {
          "current_key": "AIzaSyAIN1rfnT-zhSfQmkGZxD1yklMvHZ2xLVI"
        }
      ],
      "services": {
        "appinvite_service": {
          "other_platform_oauth_client": [
            {
              "client_id": "657168761139-jhqlc8et0q8qq5rsrmg5uf72bb9786lr.apps.googleusercontent.com",
              "client_type": 3
            }
          ]
        }
      }
    }
  ],
  "configuration_version": "1"
}